ASIN,Product URL,Title,Price,Seller,Buy Box Active,Quantity
B0C1QDFF9M,https://www.amazon.in/dp/B0C1QDFF9M?psc=1,Not Found,Not Found,Not Found,No,1
B0G4KJXMQ2,https://www.amazon.in/dp/B0G4KJXMQ2?psc=1,Not Found,Not Found,Not Found,No,1
B0G4KQQ729,https://www.amazon.in/dp/B0G4KQQ729?psc=1,Not Found,Not Found,Not Found,No,1
B0G4KQ9MRK,https://www.amazon.in/dp/B0G4KQ9MRK?psc=1,Not Found,Not Found,Not Found,No,1
B0G4KNSHNT,https://www.amazon.in/dp/B0G4KNSHNT?psc=1,Not Found,Not Found,Not Found,No,1
B0G4KQ9F96,https://www.amazon.in/dp/B0G4KQ9F96?psc=1,Not Found,Not Found,Not Found,No,1
B0G4JVZQXZ,https://www.amazon.in/dp/B0G4JVZQXZ?psc=1,Pidilite Brite-O Super Automotive Metal Polish | Chrome Cleaner & Rust Remover for Car & Bike Detailing | Also for Stainless Steel & Brass | 25g,₹ 299,Click2Cart.,Yes,1
B0G4KNSSZR,https://www.amazon.in/dp/B0G4KNSSZR?psc=1,Not Found,Not Found,Not Found,No,1
B0G4JWTCN5,https://www.amazon.in/dp/B0G4JWTCN5?psc=1,"Pidilite Brite-O Super Professional Grade Metal Polish 25g | Heavy Duty Rust, Tarnish & Stain Remover for All Metals including Steel, Brass & Silver",₹ 299,Click2Cart.,Yes,1
B0G4KPJ74X,https://www.amazon.in/dp/B0G4KPJ74X?psc=1,"Pidilite Brite-O Super Metal Polish | Fast-Acting Rust & Tarnish Remover for Home & Automotive | Shines and Protects Brass, Silver & Steel | 25g",₹ 299,Click2Cart.,Yes,1
B0G4KRZH2T,https://www.amazon.in/dp/B0G4KRZH2T?psc=1,"Pidilite Brite-O [25g] Super Rust & Stain Remover, Polish Protection For Metal Surface,Pack of 1",₹ 299,Click2Cart.,Yes,1
B01FBM4M9Q,https://www.amazon.in/dp/B01FBM4M9Q?psc=1,"Pidilite Brite-O - Super Rust & Stain Remover, Polish Protection For Metal Surface, 25g",₹ 75,EK KART INDIA,Yes,1
B0FH7BZDNN,https://www.amazon.in/dp/B0FH7BZDNN?psc=1,Duz All Advanced Multipurpose Cleaner – Bio Safe Eco-Friendly Cleaning Liquid – 500ml for Kitchen & Home|Safe Duz All Surface Cleaner,₹ 399,Click2Cart.,Yes,1
B0CJ9YNGB9,https://www.amazon.in/dp/B0CJ9YNGB9?psc=1,"Pidilite Industries Ltd. Acrylic_Latex M Seal Easyseal Fast Curing All-Purpose Sealant Easy To Apply Crack Filler Durable Hole Repair Waterproof Gap Sealer-85G Northwoods, 1 Tube",₹ 91,ANIP SANITARY & HARDWARE,Yes,1
B0D5D8CC9Y,https://www.amazon.in/dp/B0D5D8CC9Y?psc=1,"Pidilite M-Seal Ezyseal,85gms All Purpose Elastomeric Sealant- For Fixing Cracks, Holes & Gaps at Home & Kitchen",₹ 99,Aggarwal traders2210,Yes,1
B0D5D9NC3W,https://www.amazon.in/dp/B0D5D9NC3W?psc=1,"Pidilite Industries Ltd. Acrylic_Latex M-Seal Ezyseal,85Gms Sanitary White Epoxy Putty Multipurpose Sealant For Cracks, Holes, And Gaps, 1 Tube",₹ 149,Click2Cart.,Yes,1
B0D5DBLX4C,https://www.amazon.in/dp/B0D5DBLX4C?psc=1,"Pidilite M-Seal Ezyseal,85gms fast curing epoxy compound Elastomeric Sealant for Waterproofing and Repairing",₹ 195,Click2Cart.,Yes,1
B0D5D98XV1,https://www.amazon.in/dp/B0D5D98XV1?psc=1,"Pidilite M-Seal Ezyseal,85gms all purpose elastomeric sealant for Waterproofing Basements",₹ 294,Click2Cart.,Yes,1
B0D5DC413D,https://www.amazon.in/dp/B0D5DC413D?psc=1,"Pidilite M Seal Ezyseal,85gms sanitary white epoxy putty Flexible Sealant Multi-Purpose Adhesive Epoxy Putty Repair Putty",₹ 269,Click2Cart.,Yes,1
B0D5D93KHB,https://www.amazon.in/dp/B0D5D93KHB?psc=1,"Easyseal Ezyseal,85gms pidilite m seal Ezyseal Fast Curing All-Purpose Sealant Easy to Apply Crack Filler Durable Hole Repair Waterproof Gap Sealer",₹ 102,ANIP SANITARY & HARDWARE,Yes,1
B0D5D7LKBC,https://www.amazon.in/dp/B0D5D7LKBC?psc=1,"Pidilite Industries Ltd. M-Seal Ezyseal,85gms all purpose elastomeric sealent for Sealing Cracks, Holes, and Gaps in Home and Garden Applications, Pack of 1",₹ 110,Aggarwal traders2210,Yes,1
B0FSG7BD75,https://www.amazon.in/dp/B0FSG7BD75?psc=1,Not Found,Not Found,Not Found,No,1
B0GLPPT68L,https://www.amazon.in/dp/B0GLPPT68L?psc=1,"Pidilite M-Seal Ezyseal | Roof & Balcony Waterproof Sealant | Weatherproof Leakage Repair Filler for Concrete Cracks, Walls, Tiles | Outdoor Joint Sealer|40 gms",₹ 249,Click2Cart.,Yes,1
B0FSFYG7WN,https://www.amazon.in/dp/B0FSFYG7WN?psc=1,"Pidilite M-Seal Ezyseal | Crack & Hole Repair Sealant Caulk | Flexible Gap Filler & Leak Stop Paste for Concrete, Wood, Metal | Multi-Surface Joint Sealer",₹ 289,Click2Cart.,Yes,1
B0FSGQ9RV4,https://www.amazon.in/dp/B0FSGQ9RV4?psc=1,"Pidilite M-Seal Ezyseal | Tile Grout Line Sealant | Waterproof Gap Filler for Bathroom & Kitchen Tiles, Sink | Flexible Caulk for Grout Joints & Edges",₹ 289,Click2Cart.,Yes,1
B0FSGDCGKK,https://www.amazon.in/dp/B0FSGDCGKK?psc=1,"Pidilite M-Seal Ezyseal | Plumbing & Pipe Sealant | Waterproof Joint Sealer for PVC Pipe Leaks, Sinks & Drains | Flexible Caulk for Bathroom Fixtures",₹ 289,Click2Cart.,Yes,1
B0FSGZC34W,https://www.amazon.in/dp/B0FSGZC34W?psc=1,"Pidilite M-Seal Ezyseal | All-Surface Sealant Caulk | Flexible Adhesive for Wood, Metal, Plastic, Glass, Concrete | Waterproof Gap & Crack Filler for Windows",₹ 289,Click2Cart.,Yes,1
B0FSG23TCC,https://www.amazon.in/dp/B0FSG23TCC?psc=1,"Pidilite M-Seal Ezyseal | Bathroom & Kitchen Sanitary Sealant | Waterproof Caulk for Wet Areas, Sink, Shower, Bathtub & Toilet Base | Tile Gap Filler",₹ 289,Click2Cart.,Yes,1
B0FSGDZ3PK,https://www.amazon.in/dp/B0FSGDZ3PK?psc=1,"Pidilite M-Seal Ezyseal | Window & Door Frame Sealant | Weatherproof Flexible Caulk | Waterproof Joint & Seam Sealer for Frames, Sills, Skirting & Walls",₹ 289,Click2Cart.,Yes,1
B0FSFXNVSY,https://www.amazon.in/dp/B0FSFXNVSY?psc=1,"Pidilite M-Seal Ezyseal | Adhesive Sealant Caulk | Flexible Joint Sealer & Leak Stop | Waterproof Gap & Crack Filler for Concrete, Tile, Metal & Wood",₹ 289,Click2Cart.,Yes,1
B0FSGMPBHC,https://www.amazon.in/dp/B0FSGMPBHC?psc=1,"Pidilite M-Seal Ezyseal | DIY Sealant Squeeze Tube | Easy-Apply Flexible Caulk | Waterproof Crack, Gap & Joint Filler for Quick Home & Outdoor Repairs",₹ 289,Click2Cart.,Yes,1
B0CJMQX8M8,https://www.amazon.in/dp/B0CJMQX8M8?psc=1,Pidilite Fevicol DIY Spray Adhesive for Soundproofing & Acoustic Panels (500ml)-Northwoods,₹ 949,Click2Cart.,Yes,1
B0CJMRTBYV,https://www.amazon.in/dp/B0CJMRTBYV?psc=1,Pidilite Fevicol Spray DIY Glue for Soundproofing & Acoustic Panels (500ml)-Northwoods,₹ 949,Click2Cart.,Yes,1
B0CJMTH1MX,https://www.amazon.in/dp/B0CJMTH1MX?psc=1,Pidilite Fevicol Spray DIY Adhesive for Soundproofing & Acoustic Panels (500ml)-Northwoods,₹ 949,Click2Cart.,Yes,1
B0CJMTVXXR,https://www.amazon.in/dp/B0CJMTVXXR?psc=1,Pidilite Fevicol Ezee Sprayable Glue for Soundproofing & Acoustic Panels (500ml)-Northwoods,₹ 949,Click2Cart.,Yes,1
B0CJMVCB2F,https://www.amazon.in/dp/B0CJMVCB2F?psc=1,Pidilite Fevicol DIY Spray Glue for Soundproofing & Acoustic Panels (500ml)-Northwoods,₹ 709,shree kheteshwar hardware,Yes,1
B0CJMY9YPQ,https://www.amazon.in/dp/B0CJMY9YPQ?psc=1,Pidilite Fevicol Ezee Sprayable Adhesive for Soundproofing & Acoustic Panels (500ml)-Northwoods,₹ 949,Click2Cart.,Yes,1
B0BV173V5B,https://www.amazon.in/dp/B0BV173V5B?psc=1,Modicare hd heavy duty floor cleaner for All Floor Cleaner Mops-500ml,₹ 209,The one beauty product,Yes,1
B0D15RSTHN,https://www.amazon.in/dp/B0D15RSTHN?psc=1,"hd floor cleaner modicare tile cleaners, Disinfectant for Floor Cleaner, Surface Disinfection, Personal Hygiene-500ml",₹ 369,Click2Cart.,Yes,1
B0GS77MRD7,https://www.amazon.in/dp/B0GS77MRD7?psc=1,"Mighty In One (Mighty In One) Kitchen Multipurpose Cleaner – Degreaser Spray for Stove, Countertops, Chimney, Tiles for Modicar – 250ml",₹ 299,Click2Cart.,Yes,1
B0GNNYVDKB,https://www.amazon.in/dp/B0GNNYVDKB?psc=1,Kitchen Degreaser Spray - Heavy Duty Chimney Cleaner & Oil Stain Remover for Exhaust Fans | Cuts Through Sticky Grease & Burnt Food (Tel Ke Daag) - 250ml,₹ 299,Click2Cart.,Yes,1
B0GL3QWFFJ,https://www.amazon.in/dp/B0GL3QWFFJ?psc=1,"Kitchen Surface Cleaner & Disinfectant Spray - 99.9% Germ Protection for Dining Tables, Granite Countertops & Sinks | Food Safe Formula for Kitchen Slab - 250ml Spray Bottle",₹ 299,Click2Cart.,Yes,1
B0GNP479HC,https://www.amazon.in/dp/B0GNP479HC?psc=1,"Glass Cleaner Liquid - Streak Free Mirror Cleaner & Window Spray | Ammonia Free Shine for Car Windshields, Glass Doors & Dressing Tables (Kaanch Cleaner) - 250ml",₹ 299,Click2Cart.,Yes,1
B0GL4S8K8Z,https://www.amazon.in/dp/B0GL4S8K8Z?psc=1,"Furniture Polish & Glass Table Cleaner - Multi Surface Shine Spray for Showcases, Teapoys & Lacquered Wood | Removes Dust & Fingerprints Instantly - 250ml Spray Bottle",₹ 299,Click2Cart.,Yes,1
B0GL3CD1MP,https://www.amazon.in/dp/B0GL3CD1MP?psc=1,"Refrigerator Cleaner & Appliance Shine Spray - Removes Yellow Stains & Haldi from Microwave Ovens, Fridge Handles & Washing Machine Exteriors - 250ml Spray Bottle",₹ 299,Click2Cart.,Yes,1
B0GNNV7YS6,https://www.amazon.in/dp/B0GNNV7YS6?psc=1,"Gadget Cleaner & Switch Board Cleaning Liquid - Safe Plastic Cleaner Spray for AC Vents, Remote Controls, Computer Tables & TV Stands (Anti-Static) - 250ml",₹ 210,Click2Cart.,Yes,1
B0GNNCRWXC,https://www.amazon.in/dp/B0GNNCRWXC?psc=1,"Tap Cleaner & Hard Water Stain Remover - Limescale Remover for Steel Taps, Showers & Bathroom Fixtures | Restores Chrome Shine (Khare Pani Ke Daag) - 250ml",₹ 210,Click2Cart.,Yes,1
B0GL46ZTYN,https://www.amazon.in/dp/B0GL46ZTYN?psc=1,Marble Floor Cleaner & Granite Stone Spray - pH Balanced Spot Cleaner for Luxury Flooring | Removes Spills without Damaging Polish (Italian Marble Safe) - 250ml Spray Bottle,₹ 299,Click2Cart.,Yes,1
B0GP1R1GWS,https://www.amazon.in/dp/B0GP1R1GWS?psc=1,"(Mighty In One) Kitchen Multipurpose Cleaner – Degreaser Spray for Stove, Countertops, Chimney, Tiles by – 250ml",₹ 299,Click2Cart.,Yes,1
B0GP1YVV1F,https://www.amazon.in/dp/B0GP1YVV1F?psc=1,(Mighty In One) Kitchen Surface Cleaner – Food-Safe Degreasing Spray for Oil & Odour Removal by – 250ml,₹ 299,Click2Cart.,Yes,1
B0GP19MFD6,https://www.amazon.in/dp/B0GP19MFD6?psc=1,"Industrial Bathroom Cleaner – Removes Hard Water Stains, Urinal Deposits & Limescale – 250ml",₹ 299,Click2Cart.,Yes,1
B0GNZRZZ89,https://www.amazon.in/dp/B0GNZRZZ89?psc=1,"No-Residue Bathroom Cleaner – Disinfects Tiles, Toilet Rims & Basins – Non-Toxic Formula – 250ml",₹ 210,Click2Cart.,Yes,1
B0GP1RGL32,https://www.amazon.in/dp/B0GP1RGL32?psc=1,"Agri-Grade All-Purpose Cleaner – Cleans Tools, Trays, Tanks & Crop Zones – Bleach-Free Eco Formula – 250ml",₹ 299,Click2Cart.,Yes,1
B0GP1T8RVX,https://www.amazon.in/dp/B0GP1T8RVX?psc=1,Not Found,Not Found,Not Found,No,1
B0GNZNXRJ3,https://www.amazon.in/dp/B0GNZNXRJ3?psc=1,Not Found,Not Found,Not Found,No,1
B0GP13FV7H,https://www.amazon.in/dp/B0GP13FV7H?psc=1,Not Found,Not Found,Not Found,No,1
B0GQHD41BL,https://www.amazon.in/dp/B0GQHD41BL?psc=1,Not Found,Not Found,Not Found,No,1
B0GP225RRK,https://www.amazon.in/dp/B0GP225RRK?psc=1,Not Found,Not Found,Not Found,No,1
B0GP1DPSRV,https://www.amazon.in/dp/B0GP1DPSRV?psc=1,Not Found,Not Found,Not Found,No,1
B0GP1W41RB,https://www.amazon.in/dp/B0GP1W41RB?psc=1,Not Found,Not Found,Not Found,No,1
B0D73M72FY,https://www.amazon.in/dp/B0D73M72FY?psc=1,Not Found,Not Found,Not Found,No,1
B0D73RRP6L,https://www.amazon.in/dp/B0D73RRP6L?psc=1,Mighty in one multipurpose cleaner|Modicare mighty in one-250ml,₹ 220,Click2Cart.,Yes,4
B0D73R84B5,https://www.amazon.in/dp/B0D73R84B5?psc=1,Not Found,Not Found,Not Found,No,1
B0D73RH4GW,https://www.amazon.in/dp/B0D73RH4GW?psc=1,Modicare Mighty In-One Multi Purpose Cleaner|Mighty in one modicare-250ml,₹ 299,Click2Cart.,Yes,1
B0D4K6DBMD,https://www.amazon.in/dp/B0D4K6DBMD?psc=1,"Pediasure 1kg Vanila Nutritional Drink Powder,Scientifically Designed Nutrition for Supporting Kids Growth",Not Found,Not Found,No,1
B0F3P4FCTX,https://www.amazon.in/dp/B0F3P4FCTX?psc=1,"Pidilite Roff Cera Clean Tile Cleaner – Stain Remover, Grout Cleaner, 1L",₹ 299,Click2Cart.,Yes,1
B0F3P4NNPR,https://www.amazon.in/dp/B0F3P4NNPR?psc=1,"Pidilite Roff Cera Clean Industrial Tile Cleaner – Grime & Residue Free, 1L",₹ 299,Click2Cart.,Yes,1
B0F3P3QKVT,https://www.amazon.in/dp/B0F3P3QKVT?psc=1,"Pidilite Roff Cera Clean T16 Tile & Grout Cleaner – Stain Remover, 1L",₹ 299,Click2Cart.,Yes,1
B0F3P84GJG,https://www.amazon.in/dp/B0F3P84GJG?psc=1,"Pidilite Roff Cera Clean T16 Oil & Grime Tile Cleaner – Industrial Deep Clean, 1L",₹ 299,Click2Cart.,Yes,1
B0F3P5BPDH,https://www.amazon.in/dp/B0F3P5BPDH?psc=1,"Pidilite Roff Tile Cleaner – Moss & Grime Remover, Commercial Use, 1L",₹ 299,Click2Cart.,Yes,1
B0F3P4RKX2,https://www.amazon.in/dp/B0F3P4RKX2?psc=1,"Pidilite Roff Tile Cleaner – Floor Cleaner & Stain Remover, Home Use, 1L",₹ 299,Click2Cart.,Yes,1
B0F3P5TFRQ,https://www.amazon.in/dp/B0F3P5TFRQ?psc=1,"Pidilite Roff Tile Floor Cleaner – Residue-Free, Household Cleaning, 1L",₹ 299,Click2Cart.,Yes,1
B0F3P4HN46,https://www.amazon.in/dp/B0F3P4HN46?psc=1,"Pidilite Roff Household Tile Cleaner – Stain Remover, Tile & Grout, 1L",₹ 299,Click2Cart.,Yes,1
B0F3P4FVZF,https://www.amazon.in/dp/B0F3P4FVZF?psc=1,"Pidilite Roff Cera Clean T16 – Oil & Grime Remover, Tile Floor Cleaning, 1L",₹ 299,Click2Cart.,Yes,1
B0F3P3QN3X,https://www.amazon.in/dp/B0F3P3QN3X?psc=1,"Pidilite Roff Cera Clean Bathroom Tile Cleaner – Stain Removal, Grout Cleaner, 1L",₹ 299,Click2Cart.,Yes,1
B0F3P2RLNP,https://www.amazon.in/dp/B0F3P2RLNP?psc=1,"Pidilite Roff Cera Clean Tile Floor Care – Grime Removal, Tile Shine, 1L",₹ 299,Click2Cart.,Yes,1
B0F3P5KS7G,https://www.amazon.in/dp/B0F3P5KS7G?psc=1,"Pidilite Roff Cera Clean Bathroom Tile Cleaner – Residue-Free, Tile & Grout, 1L",₹ 299,Click2Cart.,Yes,1
B0F3P57MDJ,https://www.amazon.in/dp/B0F3P57MDJ?psc=1,"Pidilite Roff Cera Clean T16 Tile Stain Remover – Bathroom Cleaning, 1L",₹ 299,Click2Cart.,Yes,1
B0F3P2Q8TP,https://www.amazon.in/dp/B0F3P2Q8TP?psc=1,"Pidilite Roff Cera Clean T16 – Oil & Grime Solution, Bathroom Deep Cleaner, 1L",₹ 299,Click2Cart.,Yes,1
B0F3P47YY2,https://www.amazon.in/dp/B0F3P47YY2?psc=1,"Pidilite Roff Cera Clean T16 – Powerful Bathroom Tile Cleaner, Grime Remover, 1L",₹ 299,Click2Cart.,Yes,1
B0F3P5FX9N,https://www.amazon.in/dp/B0F3P5FX9N?psc=1,"Pidilite Roff Cera Clean Tile Stain Remover – Tough on Stains, Easy on Tiles, 1L",₹ 299,Click2Cart.,Yes,1
B0F3P2HRHY,https://www.amazon.in/dp/B0F3P2HRHY?psc=1,"Pidilite Roff Cera Clean Oil & Grime Cleaner – Deep Cleans Tiles & Floors, 1L",₹ 299,Click2Cart.,Yes,1
B0F3P5H64F,https://www.amazon.in/dp/B0F3P5H64F?psc=1,"Pidilite Roff Cera Clean Surface Cleaner – Lifts Dirt & Grime Effortlessly, 1L",₹ 299,Click2Cart.,Yes,1
B0F3P419NH,https://www.amazon.in/dp/B0F3P419NH?psc=1,"Pidilite Roff Toilet Tile Cleaner – No Residue, Just Shine, 1L",₹ 299,Click2Cart.,Yes,1
B0F3P54PWJ,https://www.amazon.in/dp/B0F3P54PWJ?psc=1,"Pidilite Roff Tile Stain Remover – Powerful & Effective Cleaning, 1L",₹ 299,Click2Cart.,Yes,1
B0F3P4GYS3,https://www.amazon.in/dp/B0F3P4GYS3?psc=1,"Pidilite Roff Oil & Grime Remover – Deep Clean for Toilets & Tiles, 1L",₹ 299,Click2Cart.,Yes,1
B0F3P5WZQK,https://www.amazon.in/dp/B0F3P5WZQK?psc=1,"Pidilite Roff Cera Clean Toilet Liquid – Fights Grime, Restores Shine, 1L",₹ 215,Comfybyte,Yes,1
B0F3NZC9KQ,https://www.amazon.in/dp/B0F3NZC9KQ?psc=1,"Pidilite Roff Industrial Floor Cleaner – Leaves No Residue, Just Clean Floors, 1L",₹ 299,Click2Cart.,Yes,1
B0F3P2XMC5,https://www.amazon.in/dp/B0F3P2XMC5?psc=1,"Pidilite Roff Tile Stain Remover – Heavy-Duty Cleaner for Stubborn Stains, 1L",₹ 299,Click2Cart.,Yes,1
B0F3P4WVL7,https://www.amazon.in/dp/B0F3P4WVL7?psc=1,"Pidilite Roff Oil & Grime Cleaner – Tough Cleaning Made Easy, 1L",₹ 299,Click2Cart.,Yes,1
B0F3P59VLL,https://www.amazon.in/dp/B0F3P59VLL?psc=1,"Pidilite Roff Industrial Liquid Cleaner – Deep Cleans & Restores Shine, 1L",₹ 299,Click2Cart.,Yes,1
B0F3P3WDMS,https://www.amazon.in/dp/B0F3P3WDMS?psc=1,"Pidilite Roff Tile Stain Remover – Industrial Floor Cleaner, 1L",₹ 299,Click2Cart.,Yes,1
B0F3P4KG54,https://www.amazon.in/dp/B0F3P4KG54?psc=1,"Pidilite Roff Cera Clean Toilet Liquid – Grime Removal, Tile Cleaning, 1L",₹ 299,Click2Cart.,Yes,1
B0F3TY34PS,https://www.amazon.in/dp/B0F3TY34PS?psc=1,"Pidilite Roff Cera Clean Tile Cleaner – Grout & Stain Remover for Bathroom & Floor,500ml",Not Found,Not Found,No,1
B0F3TYD143,https://www.amazon.in/dp/B0F3TYD143?psc=1,"Pidilite Roff Industrial Tile Cleaner – Heavy-Duty Grime & Oil Remover for Tiles,500ml",₹ 220,Click2Cart.,Yes,1
B0F3TZNN7K,https://www.amazon.in/dp/B0F3TZNN7K?psc=1,"Pidilite Roff Cera Clean T16 – Tile & Grout Cleaner for Bathroom Surfaces,500ml",₹ 220,Click2Cart.,Yes,1
B0F3TZ9N42,https://www.amazon.in/dp/B0F3TZ9N42?psc=1,"Pidilite Roff T16 Oil & Grime Tile Cleaner – Powerful Cleaner for Industrial Tile Use,500ml",₹ 220,Click2Cart.,Yes,1
B0F3TZRQ13,https://www.amazon.in/dp/B0F3TZRQ13?psc=1,"Pidilite Roff Outdoor Tile Cleaner – Removes Moss, Grime & Algae from Floors,500ml",₹ 220,Click2Cart.,Yes,1
B0F3TYR8G1,https://www.amazon.in/dp/B0F3TYR8G1?psc=1,"Pidilite Roff Tile Cleaner – Floor Stain Remover for Bathroom & Kitchen Use,500ml",₹ 220,Click2Cart.,Yes,1
B0F3TZNZ6J,https://www.amazon.in/dp/B0F3TZNZ6J?psc=1,"Pidilite Roff Floor Cleaner for Tiles – Bathroom Tile Stain & Dirt Remover,500ml",₹ 220,Click2Cart.,Yes,1
B0F3TZ9N3Z,https://www.amazon.in/dp/B0F3TZ9N3Z?psc=1,"Pidilite Roff T16 Tile Cleaner – Oil & Grime Remover for Bathroom Tiles,500ml",Not Found,Not Found,No,1
B0F3TYLGNQ,https://www.amazon.in/dp/B0F3TYLGNQ?psc=1,"Pidilite Roff Bathroom Tile Cleaner – Grout & Stain Remover for Deep Cleaning,500ml",₹ 220,Click2Cart.,Yes,1
B0F3TW1NDH,https://www.amazon.in/dp/B0F3TW1NDH?psc=1,"Pidilite Roff Tile Floor Cleaner – Dirt & Grime Remover for Glossy Tiles,500ml",₹ 220,Click2Cart.,Yes,1
B0F3TXYTGT,https://www.amazon.in/dp/B0F3TXYTGT?psc=1,"Pidilite Roff Bathroom Grout Cleaner – Grease & Stain Remover for Tiles,500ml",Not Found,Not Found,No,1
B0F3TY3ZNL,https://www.amazon.in/dp/B0F3TY3ZNL?psc=1,"Pidilite Roff T16 Tile Stain Remover – Tile Cleaner for Bathroom & Kitchen,500ml",Not Found,Not Found,No,1
B0F3TY3JYG,https://www.amazon.in/dp/B0F3TY3JYG?psc=1,"Pidilite Roff Heavy-Duty Tile Cleaner – Removes Oil & Grime from Bathroom Tiles,500ml",₹ 220,Click2Cart.,Yes,1
B0F3TXWV5C,https://www.amazon.in/dp/B0F3TXWV5C?psc=1,"Pidilite Roff Tile Cleaner for Bathroom – Grime, Dirt & Grease Remover,500ml",₹ 299,Click2Cart.,Yes,1
B0F3TZG9RH,https://www.amazon.in/dp/B0F3TZG9RH?psc=1,Not Found,Not Found,Not Found,No,1
B0F3TY9N9K,https://www.amazon.in/dp/B0F3TY9N9K?psc=1,"Pidilite Roff Oil & Grime Tile Cleaner – For Deep Cleaning Industrial Tiles,500ml",Not Found,Not Found,No,1
B0F3TYSHWG,https://www.amazon.in/dp/B0F3TYSHWG?psc=1,"Pidilite Roff Surface & Tile Cleaner – Grease & Grout Remover for Floors,500ml",₹ 220,Click2Cart.,Yes,1
B0F3TZ7DWP,https://www.amazon.in/dp/B0F3TZ7DWP?psc=1,"Pidilite Roff Toilet Tile Cleaner – Removes Grime, Oil & Soap Scum from Tiles,500ml",₹ 220,Click2Cart.,Yes,1
B0F3TZN91K,https://www.amazon.in/dp/B0F3TZN91K?psc=1,"Pidilite Roff Bathroom Tile Cleaner – Oil & Grout Remover for Tile Surfaces,500ml",Not Found,Not Found,No,1
B0F3TYRYQQ,https://www.amazon.in/dp/B0F3TYRYQQ?psc=1,"Pidilite Roff Tile & Toilet Cleaner – Removes Stains, Grime & Grease,500ml",₹ 220,Click2Cart.,Yes,1
B0F3TY1VD5,https://www.amazon.in/dp/B0F3TY1VD5?psc=1,"Pidilite Roff Toilet Cleaning Liquid – Tile & Grout Cleaner for Bathrooms,500ml",₹ 220,Click2Cart.,Yes,1
B0F3TZZ7SR,https://www.amazon.in/dp/B0F3TZZ7SR?psc=1,"Pidilite Roff Industrial Floor Cleaner – Heavy-Duty Tile Stain & Dirt Remover,500ml",Not Found,Not Found,No,1
B0F3TY2RXS,https://www.amazon.in/dp/B0F3TY2RXS?psc=1,"Pidilite Roff Tile Stain Remover – Grout Cleaner for Industrial Surfaces,500ml",Not Found,Not Found,No,1
B0F3TZZ5X4,https://www.amazon.in/dp/B0F3TZZ5X4?psc=1,"Pidilite Roff Industrial Grime Cleaner – Oil & Dirt Remover for Tough Cleaning,500ml",Not Found,Not Found,No,1
B0F3TX677G,https://www.amazon.in/dp/B0F3TX677G?psc=1,"Pidilite Roff Liquid Tile Cleaner – Deep Cleaning Solution for Industrial Grease,500ml",Not Found,Not Found,No,1
B0F3TY4VG6,https://www.amazon.in/dp/B0F3TY4VG6?psc=1,"Pidilite Roff Industrial Tile Stain Remover – Floor Cleaner for Heavy Dirt,500ml",₹ 220,Click2Cart.,Yes,1
B0F3V111XS,https://www.amazon.in/dp/B0F3V111XS?psc=1,"Pidilite Roff Toilet Cleaning Liquid – Grout, Grime & Tile Stain Remover,500ml",Not Found,Not Found,No,1
B078K8TY4M,https://www.amazon.in/dp/B078K8TY4M?psc=1,"Pidilite Roff Cera Clean All Purpose Tile, Floor & Wall Cleaner 1 Ltr Pack of 1, Advance, Bedroom & Bathroom Floors, Removes Grease, Dirt & Tough Stains",₹ 229,DEV ENTERPRISES ...,Yes,1
B0B4HP7RHX,https://www.amazon.in/dp/B0B4HP7RHX?psc=1,"Roff T16 Cera Tile Cleaner, Floor and Ceramic Cleaner, Concentrated Liquid for Tough Stains,Multi-surface Floor and Tile Cleaner 1000 ml-(Roff 32631)",₹ 299,Click2Cart.,Yes,1
B0BVGPLQTK,https://www.amazon.in/dp/B0BVGPLQTK?psc=1,"Roff Cera Tile Cleaner,Rapid Action Tile,Concentrated Liquid for Tough Stains,Multi-surface Floor,1000 ml and Tile Cleaner -(Roff Tile Cleaner & Tile Brush)",₹ 299,Click2Cart.,Yes,1
B0CC6NRQW1,https://www.amazon.in/dp/B0CC6NRQW1?psc=1,"Roff Cera Tile Cleaner,Rapid Action Tile,Concentrated Liquid for Tough Stains,Multi-surface Floor and Tile Cleaner 1000 ml-(Roff Tile Cleaner & Tile Brush)",₹ 245,Click2Cart.,Yes,2
B0CNHVVK4T,https://www.amazon.in/dp/B0CNHVVK4T?psc=1,"Roff Cera Tile Cleaner,Rapid Action Tile with brush,Concentrated Liquid for Tough Stains,Multi-surface Floor and Tile Cleaner 1ltr-(Roff Tile Cleaner & Tile Brush)-1000ml",₹ 299,Click2Cart.,Yes,1
B0DJ7GGL13,https://www.amazon.in/dp/B0DJ7GGL13?psc=1,"Roff Cera Tile Cleaner,Rapid Action Tile,Concentrated Liquid for Tough Stains,1000 ml Multi-surface Floor and Tile Cleaner -(Roff Tile Cleaner & Tile Brush),Roff T16-5",₹ 334,AUTHENTIC WHOLESALE,Yes,1
B0DJ7GMKYQ,https://www.amazon.in/dp/B0DJ7GMKYQ?psc=1,"Roff Cera Clean Tile Cleaner,1000ml Floor and Ceramic Cleaner, Pidilite Multi-surface Floor and bathroom Tile Cleaner -(Roff 32630),Roff T16-2",₹ 299,Click2Cart.,Yes,1
B0DJ7HD283,https://www.amazon.in/dp/B0DJ7HD283?psc=1,"Roff Cera Tile Cleaner, Bathroom Floor Tile and Ceramic Cleaner, Concentrated Liquid for Tough Stains,Multi-surface Floor and Tile Cleaner 1000 ml-(Roff 32628),Roff T16-3",₹ 299,Click2Cart.,Yes,1
B0DJ7HTRK4,https://www.amazon.in/dp/B0DJ7HTRK4?psc=1,"Roff Cera T16 Clean Professional Tile, Floor and Ceramic Cleaner, Concentrated Liquid for Tough Stains (1000 ml),Roff T16-6",₹ 299,Click2Cart.,Yes,1
B0DJ7J9GS4,https://www.amazon.in/dp/B0DJ7J9GS4?psc=1,"Roff Cera Tile Cleaner,1000 ml Floor Tile and Ceramic Cleaner, Concentrated Liquid for Tough Stains,Multi-surface Floor and Tile Cleaner -(Roff 32628),Roff T16-4",₹ 299,Click2Cart.,Yes,1
B0DJ7JRZN7,https://www.amazon.in/dp/B0DJ7JRZN7?psc=1,"Roff Cera Tile Cleaner, Floor and Ceramic Cleaner, Concentrated Liquid for Tough Stains,Multi-surface Floor and Tile bathroom Cleaner(Roff 32630),1000 ml,Roff T16-1",₹ 299,Click2Cart.,Yes,1
B0CFK5XMF1,https://www.amazon.in/dp/B0CFK5XMF1?psc=1,"Roff Tile Cleaner Cera t16,500 ml Disinfectant Bathroom Cleaner Liquid,Bathroom Tile Cleaner -(Roff Tile Cleaner 2635)",₹ 199,Click2Cart.,Yes,1
B0CWTVSJHK,https://www.amazon.in/dp/B0CWTVSJHK?psc=1,"Pidilite Roff Cera Clean All Purpose Tile, Floor & Wall Cleaner 0.5 Liter Pack of 2, Advance, Bedroom & Bathroom Floors, Removes Grease, Dirt & Tough Stains",₹ 310,DEV ENTERPRISES ...,Yes,1
B0CVDZRVWW,https://www.amazon.in/dp/B0CVDZRVWW?psc=1,"Northwoods-1Ltr Roff Cera Clean Tile Cleaner,1000ml Floor and Ceramic Cleaner, Pidilite Multi-surface Floor and Tile Cleaner -(Roff 32630),Roff T16-7",₹ 200,Comfybyte,Yes,1
B0B3F4YD81,https://www.amazon.in/dp/B0B3F4YD81?psc=1,"Roff Cera Tile Cleaner, Floor and Ceramic Cleaner, Concentrated Liquid for Tough Stains,Multi-surface Floor and Tile Cleaner(Roff 32630),500 ml",₹ 210,Click2Cart.,Yes,1
B0B4F2XQM9,https://www.amazon.in/dp/B0B4F2XQM9?psc=1,"Roff T16 Cera Tile Cleaner,500 ml Floor and Ceramic Cleaner,Bathroom Tile Cleaner",₹ 220,Click2Cart.,Yes,1
B0B4HMFW81,https://www.amazon.in/dp/B0B4HMFW81?psc=1,"Roff Cera Tile Cleaner, Floor Tile and Ceramic Cleaner, Concentrated Liquid for Tough Stains,Multi-surface Floor and Tile Cleaner 500 ml-(Roff 32628)",₹ 197.64,Click2Cart.,Yes,1
B0B4HN6NSN,https://www.amazon.in/dp/B0B4HN6NSN?psc=1,"Roff Cera Tile Cleaner, Floor and Ceramic Cleaner, Disinfectant Concentrated Liquid for Tough Stains,Multi-surface Floor and Tile Cleaner 500 ml-(Roff 32633)",₹ 175,Click2Cart.,Yes,1
B0B4HN77LN,https://www.amazon.in/dp/B0B4HN77LN?psc=1,"Roff Cera Tile Cleaner,500ml Floor and Ceramic Cleaner, Disinfectant Concentrated Liquid for Tough Stains,Multi-surface Floor and Tile Cleaner -(Roff 32633)",₹ 299,Click2Cart.,Yes,1
B0B4HP1QQB,https://www.amazon.in/dp/B0B4HP1QQB?psc=1,"Roff Cera Tile Cleaner,500mlBathroom Floor and Ceramic Cleaner, Concentrated Liquid for Tough Stains,Multi-surface Floor and Tile Cleaner -(Roff 32632)",₹ 140,JatinTrader,Yes,1
B0B66S4M7B,https://www.amazon.in/dp/B0B66S4M7B?psc=1,"Roff Cera Clean Tile Cleaner,500ml Floor and Ceramic Cleaner, Pidilite Multi-surface Floor and Tile Cleaner -(Roff 32630)",₹ 162.99,Click2Cart.,Yes,1
B0B66STTFH,https://www.amazon.in/dp/B0B66STTFH?psc=1,"Roff Cera Tile Cleaner,500 ml Rapid Action Tile, Concentrated Liquid for Tough Stains,Multi-surface Floor and Tile Cleaner -(Roff 32626)",₹ 199,Click2Cart.,Yes,1
B0B66T3HVW,https://www.amazon.in/dp/B0B66T3HVW?psc=1,"Roff Cera Tile Cleaner,500 ml Floor and Ceramic Cleaner, Concentrated Liquid for Tough Stains,Multi-surface Floor and Tile Cleaner -(Roff 32625)",₹ 205.99,Click2Cart.,Yes,1
B0B66TM9Q1,https://www.amazon.in/dp/B0B66TM9Q1?psc=1,"Roff Cera Tile Cleaner,Floor Tile and Ceramic Cleaner, Concentrated Liquid for Tough Stains,Multi-surface Floor and Tile Cleaner -(Roff 32628)",₹ 220,Click2Cart.,Yes,1
B0BVGPJXF9,https://www.amazon.in/dp/B0BVGPJXF9?psc=1,"Roff Cera Tile Cleaner,500 ml Rapid Action Tile, Concentrated Liquid for Tough Stains,Multi-surface Floor and Tile Cleaner -(Roff Tile Cleaner)",₹ 159,DEV ENTERPRISES ...,Yes,1
B0BVGPQ66T,https://www.amazon.in/dp/B0BVGPQ66T?psc=1,"Roff Cera Tile Cleaner,Rapid Action Tile,Concentrated Liquid For Tough Stains,500 Ml Multi-surface Floor And Tile Cleaner -(Roff Tile Cleaner & Tile Brush).",₹ 143,Supermart1,Yes,1
B0BVGPR38G,https://www.amazon.in/dp/B0BVGPR38G?psc=1,"Roff Cera Tile Cleaner, Floor Tile and Ceramic Cleaner, Concentrated Liquid for Tough Stains,Multi-surface Floor and Tile Cleaner 500 ml-(Roff 32628),Roff T16-9",₹ 230,AUTHENTIC WHOLESALE,Yes,1
B0BVGPS28N,https://www.amazon.in/dp/B0BVGPS28N?psc=1,"Roff Cera Tile Cleaner,Rapid Action Tile,Concentrated Liquid for Tough Stains,Multi-surface Floor and Tile Cleaner -(500 ml Roff Tile Cleaner & Tile Brush)",₹ 143,Supermart1,Yes,1
B0BVGQH3VD,https://www.amazon.in/dp/B0BVGQH3VD?psc=1,"Roff Cera Tile Cleaner,500 Ml Rapid Action Tile, Concentrated Liquid For Tough Stains,Multi-Surface Floor And Tile Cleaner -(Roff Tile Cleaner & Tile Brush).",₹ 470,DEV ENTERPRISES ...,Yes,1
B0BVGQPHMP,https://www.amazon.in/dp/B0BVGQPHMP?psc=1,"Roff Cera Tile Cleaner,Rapid Action Tile,Concentrated Liquid for Tough Stains,Multi-surface Floor and Tile Cleaner,500 ml…",₹ 207.28,Click2Cart.,Yes,1
B0C8NBZL19,https://www.amazon.in/dp/B0C8NBZL19?psc=1,"Roff Tile Cleaner Cera t16,500 mlBathroom Floor and Ceramic Cleaner, Concentrated Liquid for Tough Stains,Multi-surface Floor and Tile Cleaner -(Roff Tile Cleaner 2632)",₹ 220,Click2Cart.,Yes,1
B0C99M5Y7R,https://www.amazon.in/dp/B0C99M5Y7R?psc=1,"Roff Cera Tile Cleaner, Floor and Ceramic Cleaner, Concentrated Liquid for Tough Stains,Multi-surface Floor and Tile Cleaner(Roff 32630),500 ml",₹ 245,AUTHENTIC WHOLESALE,Yes,1
B0CC52SXDD,https://www.amazon.in/dp/B0CC52SXDD?psc=1,"Roff Cera Tile Cleaner, Floor Tile And Ceramic Cleaner, Concentrated Liquid For Tough Stains,Multi-Surface Floor And Tile Cleaner 500Ml-(Roff 3228).",₹ 210,Click2Cart.,Yes,1
B0CFK5JHTV,https://www.amazon.in/dp/B0CFK5JHTV?psc=1,"Roff Tile Cleaner Cera t16,500 ml Floor Tile and Ceramic Cleaner, Concentrated Liquid for Tough Stains,Multi-surface Floor and Tile Cleaner -(Roff Tile Cleaner 2628)",₹ 210,Click2Cart.,Yes,1
B0CFK6TYPY,https://www.amazon.in/dp/B0CFK6TYPY?psc=1,"Roff Tile Cleaner Cera t16,500 mlDisinfectant Bathroom Floor and Ceramic Cleaner,Concentrated Liquid for Tough Stains,Multi-surface Floor and Tile Cleaner -(Roff Tile Cleaner 2634)",₹ 140,JatinTrader,Yes,1
B0CNJ8RCXZ,https://www.amazon.in/dp/B0CNJ8RCXZ?psc=1,"Cera Tile Cleaner,500 ml Floor Tile and Ceramic Cleaner, Concentrated Liquid for Tough Stains,Multi-surface Floor and Tile Cleaner -(32628)",₹ 218,Click2Cart.,Yes,1
B0CPD3S48P,https://www.amazon.in/dp/B0CPD3S48P?psc=1,"Cera Tile Cleaner,Rapid Action Tile,Concentrated Liquid for Tough Stains,500 ml Multi-surface Floor and Tile Cleaner -(Roff Tile Cleaner & Tile Brush)",₹ 150,DEV ENTERPRISES ...,Yes,1
B0D2LRHQSP,https://www.amazon.in/dp/B0D2LRHQSP?psc=1,"Roff Cera Tile Cleaner,500 ml Floor Tile and Ceramic Cleaner, Concentrated Liquid for Tough Stains,Multi-surface Floor and Tile Cleaner -(Roff 32628),Roff T16-4",₹ 219,Click2Cart.,Yes,1
B0D2LS1Z75,https://www.amazon.in/dp/B0D2LS1Z75?psc=1,Not Found,Not Found,Not Found,No,1
B0D3DS6CMX,https://www.amazon.in/dp/B0D3DS6CMX?psc=1,"Roff Cera Clean Tile Cleaner,500 ml Floor and Ceramic Cleaner, Concentrated Liquid for Tough Stains,Multi-surface Floor and Tile Cleaner -(Roff Tile Cleaner 2630)",₹ 219,Click2Cart.,Yes,1
B0D3DSJ111,https://www.amazon.in/dp/B0D3DSJ111?psc=1,"Roff Tile Cleaner Cera t16,500 ml Floor and Ceramic Tile Cleaner,500 ml Concentrated Liquid for Tough Stains,Multi-surface Floor and Tile Cleaner -(Roff Tile Cleaner 2629)",₹ 269,Click2Cart.,Yes,1
B0D3DTBC73,https://www.amazon.in/dp/B0D3DTBC73?psc=1,"Roff Tile Cleaner Cera t16,500 ml Floor and Ceramic Cleaner, Disinfectant Concentrated Liquid for Tough Stains,Multi-surface Floor and Tile Cleaner -(Roff Tile Cleaner 2633)",₹ 150,DEV ENTERPRISES ...,Yes,1
B0D3DTY54W,https://www.amazon.in/dp/B0D3DTY54W?psc=1,"Roff Tile Cleaner Cera t16,500 ml Disinfectant Bathroom Cleaner Liquid,Bathroom Tile Cleaner -(Roff Tile Cleaner 2635)",₹ 220,Click2Cart.,Yes,1
B0D3DVY5LP,https://www.amazon.in/dp/B0D3DVY5LP?psc=1,"Roff Tile Cleaner Cera t16,500 ml Floor and Ceramic Cleaner, Concentrated Liquid for Tough Stains,Multi-surface Floor and Tile Cleaner -(Roff Tile Cleaner 2631)",₹ 210,Click2Cart.,Yes,1
B0D3DXF2JK,https://www.amazon.in/dp/B0D3DXF2JK?psc=1,"Roff Tile Cleaner Cera t16,500 ml Floor and Ceramic Cleaner, Concentrated Liquid for Tough Stains,Multi-surface Floor and Tile Cleaner -(Roff Tile Cleaner 2625)",₹ 269,Click2Cart.,Yes,1
B0DR2VGM4C,https://www.amazon.in/dp/B0DR2VGM4C?psc=1,"Roff Cera Tile Cleaner, Floor and Ceramic Cleaner, Concentrated Liquid for Tough Stains,Multi-surface Floor and Tile Cleaner(Roff Tile Cleaner),500 ml",₹ 200.53,Click2Cart.,Yes,1
B0FG1NJ3FD,https://www.amazon.in/dp/B0FG1NJ3FD?psc=1,"Spic 'n' Span Bathroom Tile Cleaner Spray Removes Hard Water Stains, Soap Scum Grime from Floor Wall Tiles 250ml",₹ 299,Click2Cart.,Yes,1
B0FG1MYW4Y,https://www.amazon.in/dp/B0FG1MYW4Y?psc=1,Modicare Spic 'n' Span Tile Cleaner Non-Acidic Spray for Bathroom Wall Floor Tiles Hard Water stain remover 250ml,₹ 299,Click2Cart.,Yes,1
B0FG1NYWWY,https://www.amazon.in/dp/B0FG1NYWWY?psc=1,"Spic 'n' Span Tap Chrome Cleaner Spray Removes Salt Stains Lime Deposits from Faucets, Showers, and Steel Surfaces 250ml",₹ 220,Click2Cart.,Yes,1
B0FG1KWC5B,https://www.amazon.in/dp/B0FG1KWC5B?psc=1,"Modicare Chrome Tap Cleaner Spray for Shiny Faucets, Handles, Showers Metal Fixtures Hard Water Descaler 250ml",₹ 157.99,Click2Cart.,Yes,1
B0FG1NC2MY,https://www.amazon.in/dp/B0FG1NC2MY?psc=1,"Spic 'n' Span Plasticware Cleaner Descaler for Buckets, Jugs, Tubs Kitchen Plastic Removes Scale, Soap Residue White Patches 250ml",Not Found,Not Found,No,1
B0FG1NZRKD,https://www.amazon.in/dp/B0FG1NZRKD?psc=1,"Modicare Plastic Cleaner Spray Removes Hard Water Marks from Household Plastic Items like Mugs, Jugs Buckets 250ml",₹ 298,SHYAM BABA TRADERS,Yes,1
B0FG1M5RTX,https://www.amazon.in/dp/B0FG1M5RTX?psc=1,"Spic 'n' Span Bathtub Shower Cleaner Spray for Soap Scum, Hard Water Deposits Bathroom Panels 250ml",₹ 249,Click2Cart.,Yes,1
B0FG1LJYL1,https://www.amazon.in/dp/B0FG1LJYL1?psc=1,"Modicare Spic 'n' Span Shower Cleaner Spray Safe for Ceramic, Acrylic Glass Surfaces Quick Cleaning Action 250ml",₹ 220,Click2Cart.,Yes,1
B0FG1M2VWT,https://www.amazon.in/dp/B0FG1M2VWT?psc=1,"Spic 'n' Span Hard Water Stain Remover Descaler Spray for Taps, Tiles, Chrome Sinks Removes Lime, Rust Salt Buildup 250ml",₹ 220,Click2Cart.,Yes,1
B0FG1MJ342,https://www.amazon.in/dp/B0FG1MJ342?psc=1,"Modicare Multi-Surface Descaler Spray Hard Water Cleaner for Steel, Tiles, Chrome Glass Non-Acidic Safe 250ml",₹ 299,Click2Cart.,Yes,1
B0D294HCK7,https://www.amazon.in/dp/B0D294HCK7?psc=1,Spic N Span Scale And Bathroom Cleaner 250ml (Pack of 2),₹ 384,MS ENTERPRISES.®,Yes,1
B07YMY1Z8Y,https://www.amazon.in/dp/B07YMY1Z8Y?psc=1,Modicare Spic 'n' Span Scale and Bathroom Cleaner 250ml,₹ 199,let's shopp,Yes,1
B0BSSX1KL8,https://www.amazon.in/dp/B0BSSX1KL8?psc=1,Modicare Instant Silver Cleaner Sparkling Clean Silver Without Silver Loss(C23075)-309G,₹ 299,Click2Cart.,Yes,1
B0C2S358XX,https://www.amazon.in/dp/B0C2S358XX?psc=1,"Modicare New Silver Dip Instant Silver Cleaner Sparkling Clean Silver Metal Without Silver Loss,(Silver Dip Modicare Cleaner)(C22074-11/22)-300ml+300ml",₹ 599,Click2Cart.,Yes,1
B0C2RVVCLR,https://www.amazon.in/dp/B0C2RVVCLR?psc=1,Modicare Silver Dip Instant Silver Cleaner for Home & Kitchen without Silver loss (Modicare Silver Cleaner)-300ml+300ml,₹ 249,Click2Cart.,Yes,1
B0BB1S73NF,https://www.amazon.in/dp/B0BB1S73NF?psc=1,Modicare Instant Silver Cleaner Sparkling Clean Silver Without Silver Loss(C23075)-309G,₹ 299,Click2Cart.,Yes,1
B0C2S6TFR9,https://www.amazon.in/dp/B0C2S6TFR9?psc=1,Modicare New Silver Dip Instant Silver Cleaner Sparkling Clean Silver Without Silver Loss for Office & Home use(C23075-11/22)-300ml+300ml,₹ 498,Click2Cart.,Yes,1
B0BLXH12PR,https://www.amazon.in/dp/B0BLXH12PR?psc=1,Modicare Silver Dip Instant Silver Cleaner for Home & Kitchen without Silver loss (Modicare Silver Cleaner)-300ml,₹ 299,Click2Cart.,Yes,1
B0BSSVCXSQ,https://www.amazon.in/dp/B0BSSVCXSQ?psc=1,Modicare Instant Silver Cleaner For Home & Kitchen Without Silver Loss (Modicare Silver Cleaner)-(300Mlx300Ml=600Ml) Combo Of 2,₹ 299,Click2Cart.,Yes,1
B0BWZ4K4MC,https://www.amazon.in/dp/B0BWZ4K4MC?psc=1,Modicare Products Silver Polish Silver Cleaner - 300ml+300ml,₹ 249,Click2Cart.,Yes,1
B0BWZGM76Z,https://www.amazon.in/dp/B0BWZGM76Z?psc=1,"Modicare New Silver Dip Instant Silver Cleaner for Home & Kitchen Use,(Silver Cleaning Liquid Polish)-300 (Pack of 1)",₹ 195,THE WEB SHOP,Yes,1
B0CHGSLZL3,https://www.amazon.in/dp/B0CHGSLZL3?psc=1,"Modicare Instant Silver Cleaner For Home & Kitchen Use,(Silver Metal Polish)(Mc0029)-300Ml",₹ 299,Click2Cart.,Yes,1
B0BXFQ25R1,https://www.amazon.in/dp/B0BXFQ25R1?psc=1,"Modicare New Silver Dip Instant Silver Cleaner Sparkling Clean Silver Metal Without Silver Loss,(Silver Dip Stain remover)(MC0023) -300ml+300ml",₹ 498,Click2Cart.,Yes,1
B0BXFPTDMT,https://www.amazon.in/dp/B0BXFPTDMT?psc=1,Modtcire New Stlver Dtp tnstint Stlver Cleiner Stlver Cleintng Spirkltng Clein Stlver Wtthout Stlver Loss (HC0026) 4x300ml,₹ 249,Click2Cart.,Yes,1
B0BXFQ2MG5,https://www.amazon.in/dp/B0BXFQ2MG5?psc=1,Gaurni-Silver Dip Instant Silver Cleaner Silver Polish - 300ml,₹ 299,Click2Cart.,Yes,1
B0CTK7F188,https://www.amazon.in/dp/B0CTK7F188?psc=1,"Northwoods Modicare Silver Dip Instant Silver Cleaner for Home & Kitchen Use,(Silver Dip Northwoods Modicare Cleaner)(M26) - 300ml",₹ 299,Click2Cart.,Yes,1
B0D3DTJLN8,https://www.amazon.in/dp/B0D3DTJLN8?psc=1,Northwoods Modicare Silver Dip Instant Silver Cleaner Silver Cleaning Liquid - 300ml,₹ 249,Click2Cart.,Yes,1
B0D3DXJ62V,https://www.amazon.in/dp/B0D3DXJ62V?psc=1,"Silver Dips Northwoods Modicare Silver Dip Northwoods Modicare New Silver Dip(silver dip instant silver cleaner),(M26) - 300ml",₹ 299,Click2Cart.,Yes,1
B0D3DSHJH9,https://www.amazon.in/dp/B0D3DSHJH9?psc=1,"Northwoods Modicare Silver Dip Instant Silver Cleaner for Home & Kitchen Use,(Silver Polish)(M26) - 300ml",₹ 249,Click2Cart.,Yes,1
B0D3DW35H4,https://www.amazon.in/dp/B0D3DW35H4?psc=1,"Northwoods Modicare Silver Dip Instant Silver Cleaner for Home & Kitchen Use,(Silver Dip Northwoods Modicare Cleaner)(M26) - 300ml",₹ 299,Click2Cart.,Yes,1
B0D3DZ3WYC,https://www.amazon.in/dp/B0D3DZ3WYC?psc=1,Northwoods Modicare New Silver Dip Instant Silver Cleaner Sparkling Clean Silver Without Silver Loss for Office & Home use(MC0029) - 300ml,₹ 299,Click2Cart.,Yes,1
B0D3DSXSH5,https://www.amazon.in/dp/B0D3DSXSH5?psc=1,Northwoods Modicare Silver Dip Instant Silver Cleaner for Home & Kitchen(Northwoods Modicare Silver Cleaner)-300ml,₹ 299,Click2Cart.,Yes,1
B0CHH95J9M,https://www.amazon.in/dp/B0CHH95J9M?psc=1,Northwoods Modicare Products Silver Polish Silver Dip Northwoods Modicare Silver Cleaner - 300ml,₹ 289,Click2Cart.,Yes,1
B0CGR1865Z,https://www.amazon.in/dp/B0CGR1865Z?psc=1,"Modicare Silver Dip Instant Silver Cleaner for Home & Kitchen Use,(Silver Polish)(M26) - 300ml",₹ 220,Click2Cart.,Yes,1
B0D3DTG2MX,https://www.amazon.in/dp/B0D3DTG2MX?psc=1,"Modicare Silver Dip Instant Silver Cleaner for Home & Kitchen Use,(Silver Polish)(M26) - 300ml",₹ 220,Click2Cart.,Yes,1
B0D3DRT27K,https://www.amazon.in/dp/B0D3DRT27K?psc=1,Modicare New Silver Dip Instant Silver Cleaner Sparkling Clean Silver Without Silver Loss for Office & Home use(MC0029) - 300ml,₹ 399,Click2Cart.,Yes,1
B0D4SH3TH8,https://www.amazon.in/dp/B0D4SH3TH8?psc=1,"Modicare New Silver Dip Instant Silver Cleaner Sparkling Clean Silver Metal Without Silver Loss,(Silver Dip Modicare Cleaner)(MC0029) - 300ml",Not Found,Not Found,No,1
B0GCSY55J1,https://www.amazon.in/dp/B0GCSY55J1?psc=1,Not Found,Not Found,Not Found,No,1
B0GCSVQ4HZ,https://www.amazon.in/dp/B0GCSVQ4HZ?psc=1,Silver Dip Products Silver Polish Silver Dip Silver Cleaner - 300ml,₹ 399,Click2Cart.,Yes,1
B0GCNDKMQD,https://www.amazon.in/dp/B0GCNDKMQD?psc=1,"Silver Dip Instant Silver Cleaner Liquid (300ml) | Jewellery Cleaning Solution for Silver Pooja Items, Ornaments, Murti & Chandi ke Bartan | Removes Tarnish & Restores Shine",₹ 399,Click2Cart.,Yes,1
B0GCTJC6TY,https://www.amazon.in/dp/B0GCTJC6TY?psc=1,Not Found,Not Found,Not Found,No,1
B0GCSCL653,https://www.amazon.in/dp/B0GCSCL653?psc=1,"Silver Dip Instant Silver Cleaner for Home & Kitchen Use,(Silver Dip Cleaner)(M26) - 300ml",₹ 399,Click2Cart.,Yes,1
B0GCSMHLFG,https://www.amazon.in/dp/B0GCSMHLFG?psc=1,Not Found,Not Found,Not Found,No,1
B0GCSW64KF,https://www.amazon.in/dp/B0GCSW64KF?psc=1,Not Found,Not Found,Not Found,No,1
B0GCTBM7MT,https://www.amazon.in/dp/B0GCTBM7MT?psc=1,"New Silver Dip Instant Silver Cleaner Sparkling Clean Silver Metal Without Silver Loss,(Silver Dip Cleaner)(MC0029) - 300ml",₹ 399,Click2Cart.,Yes,1
B0GCT7VM82,https://www.amazon.in/dp/B0GCT7VM82?psc=1,Silver Dip Instant Silver Cleaner for Home & Kitchen Use (New Silver Dip Instant Without Silver Loss)(MC0029) - 300ml,₹ 399,Click2Cart.,Yes,1
B0GCSLPM2G,https://www.amazon.in/dp/B0GCSLPM2G?psc=1,Not Found,Not Found,Not Found,No,1
B0GCSVPQ9Y,https://www.amazon.in/dp/B0GCSVPQ9Y?psc=1,Silver Dip Instant Silver Cleaner for Home & Kitchen(Silver Cleaner)-300ml,₹ 399,Click2Cart.,Yes,1
B0FJG83D7G,https://www.amazon.in/dp/B0FJG83D7G?psc=1,Not Found,Not Found,Not Found,No,1
B0FJG9Q3MM,https://www.amazon.in/dp/B0FJG9Q3MM?psc=1,Not Found,Not Found,Not Found,No,1
B0FJGB45P3,https://www.amazon.in/dp/B0FJGB45P3?psc=1,"Modicare Stericlean Floor Cleaner, Streak-Free Shine, Disinfectant for Tiles, Marble, Granite, Daily Mopping, Original (Pack of 2, 250ml each)",₹ 299,Click2Cart.,Yes,1
B0FJGB2R1T,https://www.amazon.in/dp/B0FJGB2R1T?psc=1,"Modicare Stericlean Bathroom Cleaner, Soap Scum & Stain Remover, Disinfectant for Tiles, Sinks, Tubs, Hygienic Bathroom, Original (Pack of 2, 250ml each)",₹ 294,The one beauty product,Yes,1
B0FJGBBH5G,https://www.amazon.in/dp/B0FJGBBH5G?psc=1,"Modicare Stericlean Disinfectant Liquid, Multi-Surface Germ Protection for Home, Kitchen, Bathroom, Floor, Original (Pack of 2, 250ml each)",₹ 499,Click2Cart.,Yes,1
B0FJGB7PV9,https://www.amazon.in/dp/B0FJGB7PV9?psc=1,"Modicare Stericlean All-Purpose Multi-Surface Disinfectant Cleaner, Germ Protection, Stain Remover for Home, Kitchen, Bathroom, Original (250ml)",₹ 198,Click2Cart.,Yes,1
B0FJG9GNQ9,https://www.amazon.in/dp/B0FJG9GNQ9?psc=1,"Modicare Stericlean Kitchen Surface Cleaner, Grease & Oil Remover, Food Safe Disinfectant for Counters, Stovetops, Sinks, Original (250ml)",₹ 299,Click2Cart.,Yes,1
B0FJGBPSPW,https://www.amazon.in/dp/B0FJGBPSPW?psc=1,"Modicare Stericlean Floor Cleaner, Streak-Free Shine, Disinfectant for Tiles, Marble, Granite, Daily Mopping, Original (250ml)",₹ 190,The Web Retail,Yes,1
B0FJGBYCTF,https://www.amazon.in/dp/B0FJGBYCTF?psc=1,"Modicare Stericlean Bathroom Cleaner, Soap Scum & Stain Remover, Disinfectant for Tiles, Sinks, Tubs, Hygienic Bathroom, Original (250ml)",₹ 299,Click2Cart.,Yes,1
B0FJG78X1W,https://www.amazon.in/dp/B0FJG78X1W?psc=1,"Modicare Stericlean Disinfectant Liquid, Multi-Surface Germ Protection for Home, Kitchen, Bathroom, Floor, Original (250ml)",₹ 288,Click2Cart.,Yes,1
B0FJGBPTKY,https://www.amazon.in/dp/B0FJGBPTKY?psc=1,"Modicare Stericlean All-Purpose Multi-Surface Disinfectant Cleaner, Germ Protection, Stain Remover for Home, Kitchen, Bathroom, Original (Pack of 2, 500ml each)",₹ 299,Click2Cart.,Yes,1
B0FJG81W32,https://www.amazon.in/dp/B0FJG81W32?psc=1,"Modicare Stericlean Kitchen Surface Cleaner, Grease & Oil Remover, Food Safe Disinfectant for Counters, Stovetops, Sinks, Original (Pack of 2, 500ml each)",₹ 599,Click2Cart.,Yes,1
B0FJGB9STT,https://www.amazon.in/dp/B0FJGB9STT?psc=1,"Modicare Stericlean Floor Cleaner, Streak-Free Shine, Disinfectant for Tiles, Marble, Granite, Daily Mopping, Original (Pack of 2, 500ml each)",₹ 599,Click2Cart.,Yes,1
B0FJGBBBT2,https://www.amazon.in/dp/B0FJGBBBT2?psc=1,"Modicare Stericlean Bathroom Cleaner, Soap Scum & Stain Remover, Disinfectant for Tiles, Sinks, Tubs, Hygienic Bathroom, Original (Pack of 2, 500ml each)",₹ 599,Click2Cart.,Yes,1
B0FJGBZMQY,https://www.amazon.in/dp/B0FJGBZMQY?psc=1,"Modicare Stericlean Disinfectant Liquid, Multi-Surface Germ Protection for Home, Kitchen, Bathroom, Floor, Original (Pack of 2, 500ml each)",₹ 299,Click2Cart.,Yes,1
B0FJG74TRG,https://www.amazon.in/dp/B0FJG74TRG?psc=1,"Modicare Stericlean Powerful Disinfectant Cleaner Original (500 ML) – All Purpose, Multi Surface, Home, Kitchen, Bathroom, Floor, Glass, Non-Hazardous, Easy Spray",₹ 299,Click2Cart.,Yes,1
B0FJG9TWX2,https://www.amazon.in/dp/B0FJG9TWX2?psc=1,"Modicare Stericlean Powerful Disinfectant Cleaner Original (500 ML) – Multi-Surface All-Purpose Cleaner for Home, Kitchen, Bathroom & Floor",₹ 246,The one beauty product,Yes,1
B0FJG9GDHF,https://www.amazon.in/dp/B0FJG9GDHF?psc=1,"Modicare Stericlean All-Purpose Multi-Surface Disinfectant Cleaner, Germ Protection, Stain Remover for Home, Kitchen, Bathroom, Original (500ml)",₹ 399,Click2Cart.,Yes,1
B0FJGBL7HV,https://www.amazon.in/dp/B0FJGBL7HV?psc=1,"Modicare Stericlean Kitchen Surface Cleaner, Grease & Oil Remover, Food Safe Disinfectant for Counters, Stovetops, Sinks, Original (500ml)",₹ 399,Click2Cart.,Yes,1
B0FJG6KKJV,https://www.amazon.in/dp/B0FJG6KKJV?psc=1,"Modicare Stericlean Floor Cleaner, Streak-Free Shine, Disinfectant for Tiles, Marble, Granite, Daily Mopping, Original (500ml)",₹ 299,Click2Cart.,Yes,1
B0FJG8NQJQ,https://www.amazon.in/dp/B0FJG8NQJQ?psc=1,"Modicare Stericlean Bathroom Cleaner, Soap Scum & Stain Remover, Disinfectant for Tiles, Sinks, Tubs, Hygienic Bathroom, Original (500ml)",₹ 399,Click2Cart.,Yes,1
B0FJG88THP,https://www.amazon.in/dp/B0FJG88THP?psc=1,"Modicare Stericlean Disinfectant Liquid, Multi-Surface Germ Protection for Home, Kitchen, Bathroom, Floor, Original (500ml)",₹ 399,Click2Cart.,Yes,1
B0B7JHFVLJ,https://www.amazon.in/dp/B0B7JHFVLJ?psc=1,Modicare New Steri Clean Powerful Disinfectant Cleaner Original-250ml,₹ 149,Click2Cart.,Yes,1
B0B7JHLL8H,https://www.amazon.in/dp/B0B7JHLL8H?psc=1,SteriClean Powerful Disinfectant Cleaner (Original)-250 ml,₹ 145,Click2Cart.,Yes,1
B0B7JJFQXG,https://www.amazon.in/dp/B0B7JJFQXG?psc=1,Modicare Stericlean Powerful Disinfectant Cleaner Original (250 ml),₹ 181,The one beauty product,Yes,1
B0C1V34VCG,https://www.amazon.in/dp/B0C1V34VCG?psc=1,Modicare New Stericlean Powerful Disinfectant Cleaner Original (250 ml),₹ 299,Click2Cart.,Yes,1
B0C1V48HRP,https://www.amazon.in/dp/B0C1V48HRP?psc=1,Stericlean Powerful Disinfectant Cleaner Modicare Products (Original)-250 ml,₹ 199,Click2Cart.,Yes,1
B0CCLFD81Z,https://www.amazon.in/dp/B0CCLFD81Z?psc=1,Modicare Stericlean Powerful Disinfectant Cleaner Original - 500ML,₹ 220,Click2Cart.,Yes,1
B0DV9K6FVX,https://www.amazon.in/dp/B0DV9K6FVX?psc=1,Modicare Stericlean Disinfectant Cleaner - Powerful Kills 99.9% Germs - Original Multi-Surface Household Cleaner 500ml Concentrate,₹ 399,Click2Cart.,Yes,1
B0DV9MCKHY,https://www.amazon.in/dp/B0DV9MCKHY?psc=1,Modicare Stericlean Disinfectant Cleaner 500ml | Multi-Surface Floor Cleaner for Home | Original Non-Toxic Formula | Eco-Friendly House Cleaning Solution,₹ 399,Click2Cart.,Yes,1
B0DV9N4YZ8,https://www.amazon.in/dp/B0DV9N4YZ8?psc=1,Modicare Stericlean Multi-Surface Disinfectant & Cleaner - Powerful Kills Bacteria & Germs for Kitchen|Original Household Concentrate 500ml,₹ 299,Click2Cart.,Yes,1
B089MCSTSD,https://www.amazon.in/dp/B089MCSTSD?psc=1,Modicare Stericlean Powerful Disinfectant Cleaner Original (500 ML),₹ 210,Click2Cart.,Yes,1
B0DV9HL5GZ,https://www.amazon.in/dp/B0DV9HL5GZ?psc=1,Modicare Stericlean Disinfectant Cleaner Original 500ml | Powerful House Cleaning Solution | Multi-Surface Floor Cleaner | Eco-Friendly Home Hygiene Product,₹ 359,Click2Cart.,Yes,1
